sensor_id,timestamp,temperature,humidity,location,sensor_type
1072,2025-04-26 18:51:35,26.1,79.92,BuildingB_Floor1,TypeB
1053,2025-04-25 09:17:27,20.19,79.96,BuildingA_Floor1,TypeA
1081,2025-04-26 07:21:31,20.53,70.49,BuildingB_Floor2,TypeB
1049,2025-04-25 22:37:01,26.89,56.11,BuildingB_Floor2,TypeA
1062,2025-04-25 14:19:35,33.95,68.38,BuildingB_Floor1,TypeA
1095,2025-04-28 16:12:22,24.28,57.04,BuildingB_Floor1,TypeA
1011,2025-04-25 07:54:32,31.66,42.69,BuildingA_Floor2,TypeC
1094,2025-04-26 16:08:52,16.27,57.65,BuildingA_Floor1,TypeB
1020,2025-04-28 01:46:49,17.63,67.88,BuildingB_Floor2,TypeC
1062,2025-04-29 17:53:45,15.59,43.01,BuildingB_Floor2,TypeA
1088,2025-04-27 01:02:16,19.02,54.51,BuildingA_Floor2,TypeA
1099,2025-04-26 23:03:00,33.16,50.19,BuildingA_Floor1,TypeC
1011,2025-04-29 07:37:15,32.83,41.34,BuildingB_Floor2,TypeC
1091,2025-04-26 12:38:50,15.92,49.77,BuildingA_Floor1,TypeA
1041,2025-04-27 10:30:50,29.41,69.92,BuildingB_Floor2,TypeC
1068,2025-04-26 13:17:16,19.44,42.18,BuildingA_Floor2,TypeA
1072,2025-04-28 14:44:10,29.98,63.78,BuildingB_Floor1,TypeB
1078,2025-04-27 04:10:08,18.44,46.12,BuildingA_Floor1,TypeA
1015,2025-04-26 05:16:17,24.06,68.96,BuildingB_Floor2,TypeB
1098,2025-04-29 01:51:56,30.81,50.12,BuildingB_Floor1,TypeA
1100,2025-04-26 04:32:49,18.43,46.61,BuildingA_Floor1,TypeC
1024,2025-04-27 16:18:35,30.94,41.99,BuildingA_Floor2,TypeA
1037,2025-04-29 10:05:21,15.41,52.39,BuildingB_Floor1,TypeB
1081,2025-04-29 09:57:33,31.08,37.11,BuildingB_Floor2,TypeC
1078,2025-04-25 11:48:26,18.36,53.01,BuildingA_Floor1,TypeA
1047,2025-04-26 02:52:16,28.64,41.62,BuildingB_Floor2,TypeB
1074,2025-04-25 22:55:38,25.23,36.04,BuildingA_Floor1,TypeB
1058,2025-04-25 15:17:09,15.28,57.68,BuildingB_Floor2,TypeB
1095,2025-04-25 21:59:41,28.49,57.9,BuildingB_Floor1,TypeA
1022,2025-04-26 06:15:49,32.15,55.44,BuildingA_Floor2,TypeB
1005,2025-04-29 11:04:01,19.36,64.07,BuildingA_Floor2,TypeC
1010,2025-04-28 02:40:37,30.48,75.69,BuildingA_Floor2,TypeB
1074,2025-04-29 18:03:45,24.74,56.87,BuildingB_Floor2,TypeC
1024,2025-04-28 00:34:11,23.49,44.59,BuildingA_Floor1,TypeA
1052,2025-04-28 23:35:24,32.83,53.92,BuildingA_Floor2,TypeA
1018,2025-04-29 18:02:35,32.27,30.97,BuildingA_Floor2,TypeA
1091,2025-04-27 06:26:54,18.35,49.43,BuildingA_Floor2,TypeB
1072,2025-04-29 19:46:13,25.29,40.42,BuildingB_Floor2,TypeA
1016,2025-04-28 03:10:30,26.92,59.44,BuildingA_Floor1,TypeA
1033,2025-04-28 14:06:50,21.9,34.45,BuildingB_Floor1,TypeA
1023,2025-04-27 16:55:26,15.96,52.83,BuildingB_Floor1,TypeB
1088,2025-04-28 09:08:39,16.9,68.78,BuildingB_Floor2,TypeB
1092,2025-04-25 18:35:30,20.36,59.86,BuildingA_Floor1,TypeB
1097,2025-04-27 01:26:05,31.86,32.11,BuildingB_Floor2,TypeA
1051,2025-04-26 23:57:45,21.44,48.92,BuildingA_Floor1,TypeC
1003,2025-04-26 19:12:08,34.11,46.19,BuildingB_Floor2,TypeA
1099,2025-04-25 03:59:55,30.99,77.9,BuildingA_Floor2,TypeA
1042,2025-04-25 13:25:53,25.53,62.84,BuildingB_Floor1,TypeB
1098,2025-04-29 00:08:36,17.49,48.64,BuildingB_Floor2,TypeC
1020,2025-04-28 14:23:56,15.69,50.58,BuildingA_Floor2,TypeB
1037,2025-04-28 03:50:56,34.75,77.43,BuildingA_Floor2,TypeC
1090,2025-04-29 16:52:41,27.43,75.39,BuildingB_Floor2,TypeA
1095,2025-04-25 20:33:13,28.61,42.95,BuildingB_Floor2,TypeA
1023,2025-04-29 14:55:27,24.39,68.02,BuildingA_Floor2,TypeC
1095,2025-04-29 05:11:18,26.97,63.43,BuildingB_Floor2,TypeC
1050,2025-04-26 00:37:14,32.37,61.82,BuildingB_Floor2,TypeC
1013,2025-04-29 14:58:33,22.69,68.0,BuildingB_Floor1,TypeB
1063,2025-04-28 01:03:22,24.73,76.33,BuildingA_Floor1,TypeA
1090,2025-04-29 16:26:30,21.87,66.2,BuildingB_Floor2,TypeA
1011,2025-04-25 18:32:53,22.24,45.28,BuildingA_Floor2,TypeC
1026,2025-04-27 02:54:09,19.08,35.78,BuildingA_Floor2,TypeB
1071,2025-04-29 11:00:16,30.74,79.78,BuildingA_Floor2,TypeA
1044,2025-04-28 15:57:09,26.17,50.13,BuildingA_Floor2,TypeA
1077,2025-04-26 02:36:50,19.73,36.5,BuildingB_Floor1,TypeC
1060,2025-04-29 20:32:11,23.61,76.14,BuildingA_Floor2,TypeA
1008,2025-04-27 22:42:11,23.13,52.0,BuildingA_Floor1,TypeB
1043,2025-04-29 19:32:58,18.44,73.19,BuildingA_Floor1,TypeB
1036,2025-04-27 04:43:51,31.66,55.27,BuildingB_Floor2,TypeC
1058,2025-04-27 13:48:02,27.92,34.66,BuildingA_Floor2,TypeC
1055,2025-04-27 18:49:47,28.16,62.03,BuildingA_Floor1,TypeB
1012,2025-04-29 11:38:59,30.19,63.8,BuildingB_Floor2,TypeB
1075,2025-04-29 03:56:40,17.01,77.39,BuildingB_Floor1,TypeB
1030,2025-04-26 21:16:10,21.17,78.7,BuildingA_Floor1,TypeC
1007,2025-04-27 11:49:52,23.42,69.45,BuildingB_Floor2,TypeC
1062,2025-04-25 21:11:05,25.59,63.1,BuildingA_Floor2,TypeB
1064,2025-04-25 11:25:09,18.17,31.65,BuildingA_Floor2,TypeB
1024,2025-04-27 04:23:51,34.97,70.42,BuildingA_Floor1,TypeC
1046,2025-04-25 03:01:03,31.69,67.32,BuildingA_Floor1,TypeA
1006,2025-04-28 17:04:17,20.57,66.43,BuildingB_Floor1,TypeA
1075,2025-04-29 19:32:50,26.21,57.99,BuildingB_Floor2,TypeA
1066,2025-04-26 00:40:19,16.9,79.09,BuildingA_Floor2,TypeB
1007,2025-04-28 06:38:58,24.8,46.34,BuildingB_Floor2,TypeA
1095,2025-04-25 21:57:27,19.29,41.08,BuildingB_Floor2,TypeB
1051,2025-04-27 05:43:28,34.26,68.6,BuildingB_Floor1,TypeA
1047,2025-04-28 12:25:21,22.81,67.27,BuildingA_Floor1,TypeB
1058,2025-04-27 15:12:21,21.57,47.13,BuildingB_Floor1,TypeB
1077,2025-04-26 13:11:52,27.33,68.39,BuildingA_Floor2,TypeB
1053,2025-04-26 21:40:36,27.02,73.98,BuildingA_Floor2,TypeB
1057,2025-04-27 02:51:22,15.43,50.01,BuildingB_Floor1,TypeB
1030,2025-04-27 23:15:57,18.77,57.33,BuildingA_Floor2,TypeA
1040,2025-04-27 03:53:49,31.63,35.76,BuildingA_Floor1,TypeB
1049,2025-04-25 11:50:59,20.17,50.0,BuildingA_Floor2,TypeA
1089,2025-04-27 17:39:56,26.24,54.93,BuildingB_Floor1,TypeA
1025,2025-04-25 22:05:45,31.52,72.7,BuildingB_Floor2,TypeA
1077,2025-04-27 10:09:19,22.89,76.47,BuildingB_Floor1,TypeA
1033,2025-04-27 06:19:26,22.39,30.06,BuildingB_Floor1,TypeA
1018,2025-04-28 02:31:34,32.44,39.78,BuildingB_Floor2,TypeB
1080,2025-04-25 11:57:21,23.17,49.94,BuildingB_Floor2,TypeA
1013,2025-04-26 21:55:09,24.06,35.38,BuildingB_Floor1,TypeB
1015,2025-04-29 08:37:14,30.3,79.15,BuildingB_Floor2,TypeC
1099,2025-04-27 08:48:41,21.26,55.98,BuildingB_Floor2,TypeC
1039,2025-04-25 11:59:53,20.91,79.87,BuildingB_Floor1,TypeC
1064,2025-04-28 01:13:40,20.87,65.88,BuildingA_Floor2,TypeC
1089,2025-04-25 23:39:44,17.04,62.1,BuildingB_Floor2,TypeB
1011,2025-04-24 23:35:41,25.98,69.62,BuildingA_Floor2,TypeA
1000,2025-04-28 17:20:04,26.75,78.14,BuildingA_Floor2,TypeC
1064,2025-04-27 16:39:33,15.78,69.09,BuildingA_Floor2,TypeC
1047,2025-04-26 17:38:27,19.86,42.41,BuildingB_Floor2,TypeB
1089,2025-04-27 08:23:11,27.16,68.14,BuildingA_Floor1,TypeA
1020,2025-04-25 20:42:41,33.13,36.6,BuildingB_Floor2,TypeC
1095,2025-04-29 14:59:01,34.08,30.92,BuildingA_Floor2,TypeA
1100,2025-04-26 03:34:54,24.07,62.85,BuildingA_Floor1,TypeB
1047,2025-04-26 15:29:03,30.43,65.78,BuildingB_Floor2,TypeC
1055,2025-04-28 04:36:31,27.33,60.87,BuildingA_Floor1,TypeC
1075,2025-04-25 07:29:17,24.39,62.6,BuildingB_Floor1,TypeC
1007,2025-04-26 18:27:41,16.08,40.9,BuildingA_Floor1,TypeB
1001,2025-04-24 23:53:25,18.8,74.27,BuildingB_Floor2,TypeB
1021,2025-04-29 20:17:16,23.43,40.94,BuildingA_Floor1,TypeB
1100,2025-04-28 17:09:54,26.46,63.45,BuildingB_Floor1,TypeC
1030,2025-04-25 09:28:05,33.68,37.32,BuildingA_Floor1,TypeA
1069,2025-04-28 11:18:31,32.21,47.55,BuildingB_Floor1,TypeB
1019,2025-04-27 18:19:30,31.76,36.04,BuildingB_Floor2,TypeB
1074,2025-04-28 03:53:28,23.52,30.97,BuildingA_Floor2,TypeB
1003,2025-04-29 14:53:55,28.69,51.81,BuildingA_Floor2,TypeC
1023,2025-04-26 02:16:09,17.76,75.04,BuildingB_Floor1,TypeC
1085,2025-04-29 07:26:20,25.47,32.08,BuildingA_Floor1,TypeA
1017,2025-04-25 23:02:40,21.63,79.94,BuildingB_Floor1,TypeC
1019,2025-04-27 05:53:28,18.56,63.87,BuildingB_Floor2,TypeA
1082,2025-04-25 18:31:15,20.07,51.07,BuildingB_Floor1,TypeA
1057,2025-04-27 19:19:10,21.05,35.48,BuildingA_Floor2,TypeB
1024,2025-04-28 19:43:00,26.32,45.97,BuildingB_Floor1,TypeC
1090,2025-04-27 12:10:53,28.67,36.28,BuildingA_Floor1,TypeB
1009,2025-04-25 07:38:46,28.16,79.38,BuildingB_Floor1,TypeC
1070,2025-04-29 14:43:39,29.22,42.26,BuildingB_Floor1,TypeA
1055,2025-04-26 15:30:18,16.53,70.92,BuildingB_Floor2,TypeB
1036,2025-04-29 00:42:06,32.33,64.2,BuildingB_Floor2,TypeB
1000,2025-04-25 10:26:04,17.99,67.65,BuildingA_Floor2,TypeC
1068,2025-04-29 00:47:51,31.9,58.72,BuildingB_Floor1,TypeB
1018,2025-04-28 20:48:51,25.48,72.23,BuildingA_Floor1,TypeC
1052,2025-04-27 09:25:13,24.99,53.56,BuildingB_Floor1,TypeA
1062,2025-04-26 15:20:33,20.92,69.69,BuildingA_Floor1,TypeC
1087,2025-04-27 20:03:25,26.84,72.69,BuildingA_Floor1,TypeB
1060,2025-04-29 11:33:34,23.43,51.73,BuildingB_Floor1,TypeA
1058,2025-04-29 03:08:29,33.47,72.16,BuildingB_Floor2,TypeA
1045,2025-04-25 23:49:00,23.46,30.43,BuildingB_Floor2,TypeC
1040,2025-04-28 00:26:19,27.3,35.77,BuildingA_Floor2,TypeC
1005,2025-04-28 01:45:32,23.1,44.25,BuildingA_Floor2,TypeB
1089,2025-04-25 23:58:01,34.09,30.7,BuildingB_Floor2,TypeA
1080,2025-04-27 20:35:32,31.67,59.83,BuildingB_Floor2,TypeC
1023,2025-04-29 17:45:24,15.5,32.55,BuildingA_Floor1,TypeB
1084,2025-04-25 23:45:15,22.86,69.3,BuildingB_Floor2,TypeA
1069,2025-04-27 05:55:22,21.78,48.31,BuildingA_Floor2,TypeB
1100,2025-04-28 16:19:28,26.85,78.78,BuildingB_Floor1,TypeC
1069,2025-04-28 09:10:58,27.27,45.12,BuildingB_Floor2,TypeB
1053,2025-04-26 18:45:01,15.71,55.96,BuildingA_Floor1,TypeA
1025,2025-04-25 05:54:07,22.89,37.42,BuildingB_Floor1,TypeB
1038,2025-04-25 16:48:21,33.81,72.7,BuildingA_Floor1,TypeC
1062,2025-04-27 03:34:02,28.84,64.37,BuildingA_Floor2,TypeB
1096,2025-04-28 21:59:15,22.35,48.1,BuildingA_Floor2,TypeB
1027,2025-04-27 19:12:17,30.68,48.81,BuildingA_Floor2,TypeB
1072,2025-04-27 20:27:29,15.86,78.21,BuildingB_Floor2,TypeC
1073,2025-04-27 00:30:35,26.17,64.11,BuildingB_Floor2,TypeB
1055,2025-04-27 09:19:31,21.18,65.22,BuildingA_Floor1,TypeC
1079,2025-04-25 15:58:08,18.92,40.91,BuildingA_Floor1,TypeC
1012,2025-04-27 02:41:26,27.74,69.06,BuildingB_Floor2,TypeA
1050,2025-04-28 05:47:22,23.87,60.96,BuildingB_Floor2,TypeA
1016,2025-04-27 22:10:36,21.56,57.18,BuildingB_Floor2,TypeC
1032,2025-04-28 09:13:07,34.5,65.74,BuildingA_Floor2,TypeA
1082,2025-04-27 03:31:05,21.83,53.49,BuildingA_Floor2,TypeB
1060,2025-04-29 06:42:33,31.99,53.26,BuildingA_Floor2,TypeA
1064,2025-04-29 03:25:33,15.31,40.8,BuildingB_Floor2,TypeA
1056,2025-04-28 22:20:40,17.7,77.56,BuildingB_Floor1,TypeA
1033,2025-04-25 11:21:32,24.44,71.71,BuildingA_Floor1,TypeB
1016,2025-04-26 04:13:10,25.52,38.33,BuildingA_Floor1,TypeC
1055,2025-04-28 08:16:06,20.1,51.6,BuildingA_Floor2,TypeB
1022,2025-04-29 08:01:00,21.57,58.03,BuildingB_Floor2,TypeB
1033,2025-04-25 05:14:17,34.87,70.93,BuildingB_Floor2,TypeC
1057,2025-04-27 21:17:13,16.85,79.34,BuildingB_Floor2,TypeB
1018,2025-04-27 06:32:48,19.96,34.71,BuildingB_Floor2,TypeB
1066,2025-04-28 13:15:59,29.04,69.37,BuildingA_Floor1,TypeB
1004,2025-04-26 00:11:24,21.55,35.22,BuildingB_Floor1,TypeA
1064,2025-04-25 00:07:06,15.77,64.65,BuildingA_Floor1,TypeB
1062,2025-04-26 22:08:41,28.52,73.8,BuildingA_Floor1,TypeB
1040,2025-04-29 01:44:04,28.25,57.35,BuildingB_Floor1,TypeB
1004,2025-04-25 23:37:50,15.39,79.96,BuildingA_Floor1,TypeA
1076,2025-04-27 05:01:12,25.42,55.47,BuildingB_Floor1,TypeC
1002,2025-04-29 04:27:40,28.62,69.28,BuildingA_Floor1,TypeB
1073,2025-04-28 23:39:33,21.65,30.75,BuildingB_Floor1,TypeC
1021,2025-04-29 00:01:37,28.65,65.38,BuildingA_Floor1,TypeB
1079,2025-04-27 02:52:15,28.09,48.84,BuildingA_Floor1,TypeA
1088,2025-04-25 04:37:42,27.96,52.45,BuildingB_Floor2,TypeA
1031,2025-04-27 22:53:35,15.95,54.92,BuildingB_Floor1,TypeC
1065,2025-04-27 20:03:11,28.35,75.19,BuildingA_Floor2,TypeC
1084,2025-04-25 06:06:15,33.4,31.31,BuildingA_Floor1,TypeB
1007,2025-04-26 10:53:43,17.7,73.77,BuildingA_Floor2,TypeC
1020,2025-04-28 21:21:24,27.36,45.35,BuildingB_Floor1,TypeB
1031,2025-04-25 20:41:26,24.31,62.82,BuildingB_Floor2,TypeB
1092,2025-04-25 07:44:35,25.16,64.89,BuildingA_Floor2,TypeC
1013,2025-04-27 21:30:33,24.75,63.77,BuildingA_Floor1,TypeB
1093,2025-04-27 01:31:40,21.04,45.55,BuildingB_Floor1,TypeB
1071,2025-04-26 20:54:13,19.88,40.91,BuildingA_Floor2,TypeC
1034,2025-04-26 07:42:11,21.19,38.51,BuildingA_Floor1,TypeA
1075,2025-04-25 23:47:58,27.29,41.65,BuildingB_Floor1,TypeC
1020,2025-04-25 08:05:47,18.33,66.17,BuildingA_Floor2,TypeB
1041,2025-04-25 13:02:00,15.78,70.09,BuildingA_Floor1,TypeA
1035,2025-04-27 06:53:51,18.4,48.93,BuildingB_Floor2,TypeB
1005,2025-04-28 04:01:19,19.61,79.61,BuildingA_Floor2,TypeB
1023,2025-04-27 14:31:58,28.77,60.99,BuildingA_Floor2,TypeB
1032,2025-04-29 03:32:54,24.0,64.95,BuildingA_Floor1,TypeA
1004,2025-04-25 22:26:29,26.17,42.72,BuildingB_Floor1,TypeB
1074,2025-04-28 15:12:38,29.6,38.97,BuildingB_Floor1,TypeB
1067,2025-04-25 13:38:49,20.16,65.0,BuildingA_Floor1,TypeA
1038,2025-04-26 01:34:20,21.85,47.89,BuildingA_Floor2,TypeC
1036,2025-04-29 10:41:47,19.65,50.18,BuildingB_Floor1,TypeB
1039,2025-04-25 01:52:55,16.21,63.9,BuildingB_Floor2,TypeC
1080,2025-04-25 16:17:30,25.06,64.88,BuildingA_Floor1,TypeB
1090,2025-04-25 00:05:25,18.8,31.8,BuildingA_Floor1,TypeC
1043,2025-04-29 20:38:28,23.78,78.14,BuildingB_Floor2,TypeC
1047,2025-04-29 21:17:22,16.15,43.98,BuildingA_Floor1,TypeA
1093,2025-04-28 10:26:29,16.86,57.25,BuildingA_Floor1,TypeA
1037,2025-04-25 00:28:52,18.23,72.47,BuildingA_Floor2,TypeB
1015,2025-04-28 02:13:56,29.16,45.23,BuildingA_Floor2,TypeB
1010,2025-04-29 05:50:31,24.41,39.04,BuildingB_Floor1,TypeA
1070,2025-04-25 14:05:45,16.13,68.35,BuildingA_Floor1,TypeB
1029,2025-04-29 10:25:49,18.78,46.54,BuildingA_Floor1,TypeC
1089,2025-04-29 09:29:20,24.28,48.95,BuildingA_Floor1,TypeA
1041,2025-04-26 13:31:37,23.2,35.82,BuildingB_Floor2,TypeB
1064,2025-04-28 02:15:57,19.56,70.47,BuildingA_Floor2,TypeA
1032,2025-04-26 02:52:22,32.02,62.5,BuildingB_Floor2,TypeC
1095,2025-04-25 13:21:59,23.2,46.46,BuildingB_Floor2,TypeB
1035,2025-04-29 21:51:47,30.3,53.22,BuildingA_Floor2,TypeC
1082,2025-04-26 07:48:13,15.95,43.02,BuildingB_Floor2,TypeA
1006,2025-04-28 05:38:04,25.15,74.19,BuildingA_Floor2,TypeC
1045,2025-04-28 12:16:04,18.42,79.34,BuildingB_Floor1,TypeC
1007,2025-04-28 17:00:48,17.79,51.96,BuildingB_Floor2,TypeB
1049,2025-04-27 07:02:39,24.0,36.58,BuildingA_Floor2,TypeA
1044,2025-04-27 05:37:57,17.59,47.65,BuildingB_Floor2,TypeB
1069,2025-04-28 13:25:39,21.09,33.12,BuildingB_Floor2,TypeC
1070,2025-04-26 20:51:07,16.0,76.58,BuildingB_Floor1,TypeB
1062,2025-04-28 11:32:42,31.54,38.91,BuildingB_Floor2,TypeC
1007,2025-04-28 03:24:43,21.22,40.58,BuildingB_Floor2,TypeA
1038,2025-04-25 22:03:43,23.83,68.32,BuildingB_Floor1,TypeB
1014,2025-04-27 02:42:15,21.41,76.9,BuildingA_Floor1,TypeB
1011,2025-04-29 11:17:10,16.74,68.23,BuildingB_Floor1,TypeC
1032,2025-04-29 22:07:33,26.96,78.46,BuildingA_Floor1,TypeA
1064,2025-04-27 11:28:55,19.51,30.92,BuildingA_Floor2,TypeB
1014,2025-04-26 15:28:22,28.2,75.13,BuildingB_Floor2,TypeB
1089,2025-04-27 19:58:47,26.08,43.79,BuildingB_Floor1,TypeC
1098,2025-04-29 11:34:27,16.99,71.0,BuildingB_Floor2,TypeB
1087,2025-04-27 15:34:18,33.2,63.7,BuildingB_Floor1,TypeC
1044,2025-04-26 21:50:09,26.31,64.79,BuildingA_Floor1,TypeB
1026,2025-04-27 10:39:38,33.63,37.6,BuildingA_Floor1,TypeB
1057,2025-04-27 00:20:48,29.99,57.57,BuildingA_Floor1,TypeA
1053,2025-04-29 02:01:37,27.18,40.97,BuildingB_Floor2,TypeB
1098,2025-04-27 15:34:25,19.78,63.99,BuildingB_Floor2,TypeA
1092,2025-04-25 19:57:55,22.37,73.04,BuildingB_Floor2,TypeA
1061,2025-04-28 11:23:02,34.4,56.15,BuildingA_Floor1,TypeA
1077,2025-04-28 17:09:40,31.99,56.5,BuildingA_Floor1,TypeB
1074,2025-04-28 00:32:58,17.7,54.82,BuildingA_Floor2,TypeC
1075,2025-04-27 18:39:59,29.34,42.93,BuildingA_Floor1,TypeC
1086,2025-04-27 02:12:41,18.54,37.53,BuildingB_Floor1,TypeA
1001,2025-04-25 21:05:57,26.18,43.1,BuildingB_Floor2,TypeA
1034,2025-04-28 06:21:05,26.57,31.11,BuildingA_Floor1,TypeB
1047,2025-04-28 15:17:39,23.14,30.68,BuildingA_Floor2,TypeA
1014,2025-04-27 06:58:09,21.56,74.51,BuildingA_Floor2,TypeB
1068,2025-04-29 10:47:02,22.36,70.51,BuildingA_Floor1,TypeB
1040,2025-04-25 18:52:14,23.42,44.29,BuildingA_Floor1,TypeC
1042,2025-04-28 08:38:19,25.33,60.23,BuildingA_Floor2,TypeB
1047,2025-04-28 15:10:58,26.74,48.67,BuildingA_Floor1,TypeA
1023,2025-04-27 02:11:25,18.37,57.53,BuildingB_Floor2,TypeC
1025,2025-04-28 15:53:12,26.55,68.02,BuildingA_Floor1,TypeC
1079,2025-04-29 13:03:53,17.3,45.1,BuildingB_Floor1,TypeB
1070,2025-04-27 09:15:45,23.42,40.25,BuildingA_Floor2,TypeC
1098,2025-04-28 16:51:35,26.69,30.65,BuildingA_Floor1,TypeB
1062,2025-04-26 12:46:40,31.83,77.53,BuildingB_Floor1,TypeB
1019,2025-04-28 20:03:14,16.64,73.59,BuildingB_Floor2,TypeB
1079,2025-04-29 08:49:42,23.37,71.09,BuildingA_Floor1,TypeB
1063,2025-04-25 22:07:03,33.52,79.83,BuildingA_Floor1,TypeA
1008,2025-04-27 18:31:43,26.3,39.41,BuildingA_Floor2,TypeA
1007,2025-04-28 10:27:58,25.77,44.17,BuildingA_Floor2,TypeB
1095,2025-04-27 17:01:21,29.66,48.44,BuildingA_Floor2,TypeA
1003,2025-04-26 17:45:03,17.42,59.68,BuildingA_Floor2,TypeB
1097,2025-04-26 09:42:04,19.45,69.64,BuildingA_Floor1,TypeA
1016,2025-04-27 06:40:00,27.07,61.74,BuildingB_Floor2,TypeB
1096,2025-04-29 15:40:55,34.36,50.89,BuildingB_Floor1,TypeC
1048,2025-04-29 11:13:34,24.81,58.97,BuildingB_Floor2,TypeC
1043,2025-04-28 08:56:39,20.85,59.83,BuildingB_Floor2,TypeA
1075,2025-04-28 00:19:37,21.7,62.1,BuildingB_Floor2,TypeC
1015,2025-04-28 07:54:27,27.21,74.42,BuildingA_Floor2,TypeB
1066,2025-04-29 02:36:29,20.43,69.25,BuildingB_Floor2,TypeC
1003,2025-04-28 07:29:21,18.82,52.12,BuildingB_Floor1,TypeA
1038,2025-04-29 14:31:34,17.25,77.16,BuildingB_Floor1,TypeA
1013,2025-04-28 14:06:14,25.03,79.51,BuildingB_Floor1,TypeC
1050,2025-04-25 04:53:13,30.76,45.73,BuildingB_Floor2,TypeA
1044,2025-04-25 20:43:19,17.94,75.33,BuildingB_Floor1,TypeA
1022,2025-04-26 13:19:56,17.49,67.45,BuildingA_Floor2,TypeA
1062,2025-04-25 15:35:44,30.3,51.16,BuildingA_Floor1,TypeA
1074,2025-04-26 17:04:28,21.65,77.72,BuildingA_Floor1,TypeC
1002,2025-04-29 12:46:56,25.59,61.56,BuildingB_Floor1,TypeB
1063,2025-04-27 12:24:02,30.31,51.52,BuildingA_Floor1,TypeB
1080,2025-04-26 21:09:05,25.29,38.06,BuildingA_Floor1,TypeA
1035,2025-04-29 12:19:39,21.36,74.86,BuildingB_Floor2,TypeA
1092,2025-04-26 03:15:50,20.15,77.26,BuildingA_Floor1,TypeB
1011,2025-04-27 08:27:44,15.24,31.95,BuildingA_Floor1,TypeB
1036,2025-04-26 06:05:24,30.51,30.11,BuildingB_Floor2,TypeC
1020,2025-04-27 06:05:21,20.95,55.47,BuildingB_Floor2,TypeA
1065,2025-04-27 02:08:11,20.56,57.1,BuildingB_Floor1,TypeA
1034,2025-04-28 18:59:29,15.93,72.84,BuildingA_Floor1,TypeC
1046,2025-04-28 13:08:37,28.05,63.14,BuildingA_Floor1,TypeB
1062,2025-04-25 02:41:40,18.17,55.18,BuildingB_Floor2,TypeA
1000,2025-04-28 13:46:02,23.36,70.53,BuildingB_Floor2,TypeA
1062,2025-04-26 19:54:34,18.73,58.16,BuildingA_Floor2,TypeC
1065,2025-04-26 05:33:45,31.91,54.57,BuildingB_Floor1,TypeB
1029,2025-04-29 20:52:31,26.06,67.29,BuildingA_Floor1,TypeC
1079,2025-04-28 05:45:37,27.85,30.78,BuildingB_Floor1,TypeA
1072,2025-04-28 17:20:28,34.74,55.32,BuildingB_Floor2,TypeB
1032,2025-04-26 04:39:43,23.19,36.86,BuildingA_Floor2,TypeC
1036,2025-04-29 19:00:23,33.78,45.8,BuildingB_Floor1,TypeC
1075,2025-04-29 21:01:54,28.1,75.76,BuildingB_Floor1,TypeB
1055,2025-04-27 09:47:04,15.67,30.0,BuildingA_Floor1,TypeA
1010,2025-04-28 11:26:53,28.64,61.66,BuildingB_Floor2,TypeB
1000,2025-04-25 03:14:01,24.16,47.38,BuildingB_Floor2,TypeC
1065,2025-04-26 06:34:23,20.07,47.7,BuildingA_Floor2,TypeA
1081,2025-04-27 18:01:25,25.32,60.4,BuildingA_Floor1,TypeB
1074,2025-04-27 14:54:20,26.67,43.77,BuildingB_Floor2,TypeA
1055,2025-04-25 22:42:09,15.11,77.97,BuildingA_Floor2,TypeC
1023,2025-04-29 10:44:39,15.25,49.5,BuildingB_Floor2,TypeB
1063,2025-04-25 18:53:31,17.05,75.77,BuildingB_Floor2,TypeC
1005,2025-04-25 11:32:07,24.96,64.15,BuildingB_Floor1,TypeC
1076,2025-04-25 19:39:26,25.98,59.16,BuildingA_Floor2,TypeC
1016,2025-04-25 18:06:27,21.52,31.11,BuildingA_Floor1,TypeC
1076,2025-04-27 10:02:17,33.69,69.82,BuildingA_Floor2,TypeB
1002,2025-04-27 03:43:20,26.0,47.57,BuildingA_Floor2,TypeA
1045,2025-04-27 02:05:09,24.78,62.65,BuildingA_Floor1,TypeB
1095,2025-04-29 01:02:34,15.71,61.94,BuildingA_Floor1,TypeB
1059,2025-04-26 05:07:16,17.83,71.37,BuildingA_Floor2,TypeA
1069,2025-04-28 02:13:30,17.16,47.42,BuildingA_Floor2,TypeB
1019,2025-04-27 20:42:03,25.35,64.96,BuildingB_Floor2,TypeA
1044,2025-04-28 07:07:34,21.47,68.64,BuildingB_Floor2,TypeA
1057,2025-04-28 02:54:01,33.74,44.15,BuildingB_Floor2,TypeB
1003,2025-04-25 08:38:39,20.65,73.38,BuildingA_Floor2,TypeB
1095,2025-04-27 05:04:35,29.41,36.34,BuildingA_Floor1,TypeC
1092,2025-04-26 22:15:48,29.12,77.12,BuildingB_Floor2,TypeA
1047,2025-04-26 18:25:20,15.46,75.54,BuildingA_Floor2,TypeB
1094,2025-04-27 13:54:11,28.66,71.48,BuildingA_Floor1,TypeB
1058,2025-04-28 00:00:30,15.89,77.88,BuildingB_Floor1,TypeC
1082,2025-04-24 23:51:23,22.53,56.53,BuildingB_Floor1,TypeA
1066,2025-04-25 23:28:17,32.72,34.0,BuildingA_Floor2,TypeB
1006,2025-04-29 08:04:16,29.85,64.83,BuildingA_Floor2,TypeC
1091,2025-04-25 12:52:02,23.32,47.76,BuildingB_Floor1,TypeB
1041,2025-04-29 00:37:33,33.05,51.4,BuildingB_Floor2,TypeB
1022,2025-04-29 05:37:45,24.75,54.11,BuildingB_Floor1,TypeC
1002,2025-04-29 14:31:57,19.3,31.46,BuildingA_Floor2,TypeC
1057,2025-04-25 19:10:38,32.87,42.07,BuildingB_Floor2,TypeA
1056,2025-04-29 01:20:10,32.08,62.69,BuildingA_Floor1,TypeC
1001,2025-04-25 09:02:59,22.31,44.74,BuildingB_Floor2,TypeB
1034,2025-04-25 06:50:14,21.81,33.24,BuildingB_Floor2,TypeA
1035,2025-04-28 12:19:09,19.28,43.13,BuildingA_Floor1,TypeC
1095,2025-04-27 16:15:31,23.52,62.92,BuildingA_Floor2,TypeC
1029,2025-04-26 04:26:22,17.15,63.73,BuildingB_Floor1,TypeC
1089,2025-04-25 14:28:40,33.39,34.21,BuildingA_Floor2,TypeB
1082,2025-04-28 13:02:20,16.87,62.12,BuildingA_Floor1,TypeC
1091,2025-04-27 07:10:49,21.88,42.94,BuildingB_Floor1,TypeA
1035,2025-04-26 13:52:56,31.77,46.38,BuildingA_Floor2,TypeC
1067,2025-04-29 02:37:18,28.59,37.68,BuildingA_Floor1,TypeC
1049,2025-04-29 18:40:50,22.17,38.42,BuildingB_Floor1,TypeC
1062,2025-04-26 19:40:13,24.53,39.0,BuildingB_Floor1,TypeA
1091,2025-04-27 17:42:04,27.11,30.62,BuildingB_Floor2,TypeB
1050,2025-04-26 08:13:00,15.99,42.12,BuildingA_Floor1,TypeC
1074,2025-04-28 05:42:29,33.7,33.19,BuildingB_Floor1,TypeB
1039,2025-04-28 06:51:09,16.39,78.95,BuildingB_Floor2,TypeB
1011,2025-04-25 17:54:12,18.67,34.41,BuildingA_Floor1,TypeB
1023,2025-04-25 03:03:24,24.94,70.64,BuildingB_Floor2,TypeB
1001,2025-04-25 21:39:06,23.88,77.48,BuildingA_Floor2,TypeA
1022,2025-04-27 12:02:50,33.61,48.69,BuildingB_Floor1,TypeB
1022,2025-04-25 12:13:03,32.7,65.27,BuildingA_Floor1,TypeB
1030,2025-04-29 14:52:00,20.57,42.65,BuildingA_Floor2,TypeC
1040,2025-04-24 22:26:07,32.7,66.55,BuildingB_Floor1,TypeA
1002,2025-04-26 13:59:58,23.98,67.93,BuildingA_Floor2,TypeC
1072,2025-04-28 09:42:23,22.44,46.37,BuildingB_Floor1,TypeB
1072,2025-04-26 18:20:50,24.3,77.91,BuildingA_Floor1,TypeB
1050,2025-04-28 02:01:59,18.27,42.93,BuildingA_Floor2,TypeB
1080,2025-04-26 12:56:01,24.87,47.58,BuildingA_Floor1,TypeC
1025,2025-04-25 15:59:47,21.75,32.23,BuildingA_Floor2,TypeC
1086,2025-04-25 02:38:48,33.09,54.18,BuildingB_Floor2,TypeC
1098,2025-04-29 01:59:42,27.78,61.76,BuildingB_Floor2,TypeC
1072,2025-04-27 16:08:26,27.26,50.72,BuildingB_Floor2,TypeC
1093,2025-04-29 06:59:51,24.04,66.1,BuildingB_Floor2,TypeC
1041,2025-04-27 03:27:44,21.51,41.17,BuildingA_Floor1,TypeB
1046,2025-04-27 19:10:22,16.31,37.08,BuildingA_Floor1,TypeC
1078,2025-04-25 10:11:57,25.03,62.32,BuildingA_Floor2,TypeC
1008,2025-04-29 15:04:15,23.21,63.91,BuildingA_Floor2,TypeA
1089,2025-04-29 03:10:56,34.11,40.54,BuildingA_Floor2,TypeB
1094,2025-04-26 22:05:59,28.85,43.21,BuildingA_Floor1,TypeA
1080,2025-04-27 18:49:53,31.65,72.85,BuildingB_Floor1,TypeC
1017,2025-04-25 08:42:00,20.15,66.2,BuildingB_Floor2,TypeA
1009,2025-04-25 04:04:59,29.13,61.26,BuildingB_Floor2,TypeC
1050,2025-04-25 04:57:06,33.73,47.79,BuildingB_Floor2,TypeB
1025,2025-04-28 13:48:42,15.61,33.44,BuildingA_Floor2,TypeC
1082,2025-04-29 22:01:48,23.96,36.61,BuildingB_Floor1,TypeC
1049,2025-04-29 19:14:24,19.4,38.16,BuildingA_Floor2,TypeC
1089,2025-04-26 16:57:11,20.14,48.68,BuildingB_Floor1,TypeB
1011,2025-04-25 15:36:24,21.56,54.13,BuildingB_Floor2,TypeC
1076,2025-04-26 22:56:38,25.8,62.39,BuildingA_Floor1,TypeA
1094,2025-04-29 18:37:35,30.31,61.8,BuildingB_Floor1,TypeB
1001,2025-04-25 12:04:06,29.22,53.23,BuildingB_Floor1,TypeA
1095,2025-04-25 16:53:24,18.29,53.33,BuildingA_Floor2,TypeC
1039,2025-04-28 12:43:54,24.97,79.21,BuildingA_Floor1,TypeC
1086,2025-04-26 11:22:40,15.18,33.68,BuildingA_Floor2,TypeA
1040,2025-04-28 22:08:31,17.65,53.32,BuildingA_Floor2,TypeA
1079,2025-04-28 05:25:27,32.49,74.34,BuildingB_Floor1,TypeC
1037,2025-04-29 17:32:40,25.67,77.47,BuildingB_Floor1,TypeA
1053,2025-04-27 21:14:57,32.29,75.59,BuildingA_Floor2,TypeC
1090,2025-04-27 20:13:34,15.22,47.5,BuildingB_Floor1,TypeA
1055,2025-04-26 07:13:13,32.58,45.03,BuildingB_Floor1,TypeC
1064,2025-04-25 04:36:02,28.95,40.38,BuildingB_Floor2,TypeB
1087,2025-04-25 05:54:18,27.09,45.93,BuildingA_Floor2,TypeC
1030,2025-04-27 18:05:39,24.22,46.85,BuildingB_Floor2,TypeC
1089,2025-04-29 16:21:20,29.06,69.63,BuildingB_Floor1,TypeB
1012,2025-04-28 01:41:40,19.19,37.96,BuildingA_Floor1,TypeA
1099,2025-04-28 22:55:10,27.21,33.74,BuildingA_Floor1,TypeB
1004,2025-04-25 17:32:32,19.13,48.0,BuildingB_Floor2,TypeB
1016,2025-04-28 14:11:41,32.95,48.53,BuildingA_Floor2,TypeC
1066,2025-04-28 09:04:34,23.17,62.16,BuildingA_Floor1,TypeB
1078,2025-04-26 09:02:37,22.85,33.91,BuildingB_Floor1,TypeC
1099,2025-04-29 09:41:32,33.32,33.53,BuildingA_Floor2,TypeC
1003,2025-04-25 01:00:31,15.58,36.25,BuildingA_Floor2,TypeA
1031,2025-04-26 21:12:23,31.24,75.92,BuildingA_Floor1,TypeC
1005,2025-04-28 20:22:07,17.16,78.46,BuildingA_Floor2,TypeC
1018,2025-04-28 11:41:52,31.55,66.03,BuildingB_Floor1,TypeB
1025,2025-04-29 07:40:48,24.38,65.67,BuildingB_Floor1,TypeB
1000,2025-04-26 14:50:23,19.0,75.13,BuildingA_Floor1,TypeC
1060,2025-04-29 06:02:17,21.93,48.04,BuildingB_Floor2,TypeA
1065,2025-04-25 20:12:22,28.23,55.25,BuildingB_Floor2,TypeB
1060,2025-04-25 22:24:20,27.0,39.86,BuildingB_Floor2,TypeA
1029,2025-04-29 05:05:32,19.8,49.25,BuildingA_Floor2,TypeA
1074,2025-04-29 06:21:52,34.81,52.44,BuildingB_Floor2,TypeC
1027,2025-04-26 02:52:24,32.83,46.01,BuildingB_Floor1,TypeC
1032,2025-04-28 10:44:49,16.6,63.89,BuildingB_Floor2,TypeA
1066,2025-04-26 22:21:49,28.38,32.28,BuildingA_Floor2,TypeC
1059,2025-04-29 05:28:29,21.22,70.18,BuildingA_Floor1,TypeA
1088,2025-04-25 11:41:04,27.79,42.37,BuildingB_Floor1,TypeB
1046,2025-04-27 12:43:16,31.48,54.83,BuildingB_Floor1,TypeC
1024,2025-04-26 07:35:38,31.29,57.37,BuildingA_Floor1,TypeC
1035,2025-04-29 04:51:46,26.22,65.73,BuildingB_Floor1,TypeA
1024,2025-04-27 18:59:22,16.19,30.75,BuildingA_Floor1,TypeB
1025,2025-04-28 07:53:27,32.61,45.66,BuildingB_Floor2,TypeA
1009,2025-04-25 20:03:54,31.33,32.78,BuildingA_Floor1,TypeB
1096,2025-04-29 12:38:28,32.02,50.52,BuildingA_Floor1,TypeA
1070,2025-04-29 15:05:25,19.83,37.09,BuildingA_Floor2,TypeB
1001,2025-04-25 19:08:35,34.19,31.75,BuildingA_Floor2,TypeB
1018,2025-04-26 13:29:43,21.98,77.56,BuildingB_Floor2,TypeB
1087,2025-04-29 03:44:53,19.02,59.21,BuildingA_Floor2,TypeA
1031,2025-04-25 05:30:23,16.97,48.43,BuildingB_Floor1,TypeC
1051,2025-04-28 19:40:42,29.22,72.95,BuildingA_Floor2,TypeB
1041,2025-04-28 23:05:12,17.41,64.77,BuildingB_Floor2,TypeC
1093,2025-04-25 04:34:25,28.61,57.24,BuildingB_Floor2,TypeB
1081,2025-04-29 18:09:25,20.22,62.64,BuildingB_Floor2,TypeC
1070,2025-04-28 04:11:44,21.13,59.77,BuildingB_Floor1,TypeB
1003,2025-04-25 18:34:16,31.93,70.49,BuildingB_Floor2,TypeC
1062,2025-04-26 21:33:19,22.74,63.24,BuildingB_Floor2,TypeA
1070,2025-04-25 11:35:08,34.56,33.43,BuildingB_Floor2,TypeA
1073,2025-04-25 06:37:50,30.59,64.28,BuildingA_Floor2,TypeA
1023,2025-04-25 03:34:00,34.47,55.91,BuildingA_Floor2,TypeA
1052,2025-04-29 09:14:08,22.75,73.61,BuildingA_Floor2,TypeA
1058,2025-04-27 00:27:03,26.72,32.37,BuildingA_Floor1,TypeB
1007,2025-04-29 12:38:52,15.61,61.32,BuildingA_Floor1,TypeA
1017,2025-04-27 23:49:42,27.79,55.68,BuildingB_Floor2,TypeA
1043,2025-04-25 18:39:36,25.82,44.23,BuildingA_Floor1,TypeA
1049,2025-04-25 22:52:01,20.31,57.87,BuildingA_Floor1,TypeB
1040,2025-04-26 18:46:29,30.3,52.25,BuildingB_Floor2,TypeC
1008,2025-04-27 07:18:15,28.68,43.26,BuildingB_Floor2,TypeC
1072,2025-04-27 20:33:54,21.56,32.21,BuildingA_Floor2,TypeC
1000,2025-04-29 07:10:12,15.29,32.02,BuildingB_Floor1,TypeA
1012,2025-04-27 21:48:27,21.9,70.05,BuildingA_Floor1,TypeB
1021,2025-04-27 01:12:18,24.97,68.1,BuildingB_Floor2,TypeC
1008,2025-04-28 17:22:35,34.84,45.36,BuildingB_Floor2,TypeB
1076,2025-04-25 13:04:38,33.61,48.2,BuildingA_Floor1,TypeB
1036,2025-04-29 17:16:52,20.19,55.05,BuildingB_Floor2,TypeB
1063,2025-04-25 17:00:37,17.67,49.92,BuildingA_Floor2,TypeC
1023,2025-04-25 01:28:29,17.78,75.15,BuildingB_Floor2,TypeB
1016,2025-04-29 02:04:09,20.94,60.4,BuildingA_Floor2,TypeB
1030,2025-04-25 20:36:44,23.54,57.14,BuildingB_Floor1,TypeA
1036,2025-04-26 07:09:28,21.46,50.42,BuildingB_Floor1,TypeA
1082,2025-04-24 23:20:24,30.47,45.85,BuildingA_Floor1,TypeA
1062,2025-04-25 09:56:24,34.7,79.98,BuildingB_Floor2,TypeB
1036,2025-04-25 19:09:49,33.5,63.05,BuildingB_Floor2,TypeC
1013,2025-04-26 23:53:13,28.92,56.42,BuildingB_Floor2,TypeA
1092,2025-04-29 05:50:00,34.69,76.06,BuildingB_Floor2,TypeB
1047,2025-04-27 13:10:56,16.22,64.42,BuildingB_Floor2,TypeA
1016,2025-04-26 22:38:00,16.5,63.41,BuildingA_Floor1,TypeA
1081,2025-04-25 08:56:50,30.8,35.51,BuildingB_Floor1,TypeC
1074,2025-04-28 22:14:56,30.86,67.72,BuildingB_Floor1,TypeB
1031,2025-04-25 13:17:02,26.84,44.48,BuildingA_Floor1,TypeA
1015,2025-04-25 23:59:16,17.34,46.09,BuildingA_Floor1,TypeA
1029,2025-04-27 22:48:50,15.64,76.91,BuildingB_Floor2,TypeC
1002,2025-04-29 07:00:02,18.3,71.17,BuildingA_Floor2,TypeB
1088,2025-04-28 13:54:16,26.95,65.25,BuildingB_Floor1,TypeA
1088,2025-04-26 14:02:42,34.1,61.47,BuildingB_Floor2,TypeB
1048,2025-04-29 01:39:56,23.48,52.68,BuildingA_Floor1,TypeC
1011,2025-04-25 21:16:34,15.55,33.57,BuildingB_Floor1,TypeA
1004,2025-04-25 20:11:23,16.23,72.85,BuildingB_Floor2,TypeC
1096,2025-04-26 06:44:38,30.49,69.25,BuildingB_Floor1,TypeC
1098,2025-04-27 10:03:11,28.47,63.5,BuildingB_Floor2,TypeB
1061,2025-04-26 00:58:14,21.54,38.56,BuildingA_Floor1,TypeC
1027,2025-04-29 13:57:17,18.76,55.64,BuildingA_Floor1,TypeC
1025,2025-04-26 05:32:44,27.27,48.14,BuildingA_Floor1,TypeB
1042,2025-04-25 02:44:11,27.99,61.05,BuildingB_Floor2,TypeC
1083,2025-04-26 02:22:00,20.95,33.14,BuildingA_Floor1,TypeA
1072,2025-04-28 01:06:12,33.28,79.44,BuildingB_Floor2,TypeA
1073,2025-04-25 05:40:53,24.91,53.24,BuildingA_Floor2,TypeB
1036,2025-04-25 12:59:51,16.82,39.75,BuildingB_Floor2,TypeA
1044,2025-04-25 23:30:59,28.99,73.5,BuildingA_Floor1,TypeB
1031,2025-04-24 22:29:24,34.94,47.45,BuildingA_Floor1,TypeC
1067,2025-04-28 17:55:29,15.18,69.23,BuildingA_Floor2,TypeC
1022,2025-04-28 21:19:42,24.13,67.77,BuildingA_Floor1,TypeA
1012,2025-04-27 00:30:43,18.15,55.28,BuildingA_Floor2,TypeC
1042,2025-04-25 18:14:37,24.76,69.66,BuildingA_Floor1,TypeB
1093,2025-04-27 07:23:44,16.97,56.1,BuildingB_Floor2,TypeC
1041,2025-04-26 21:59:16,21.66,62.09,BuildingA_Floor1,TypeB
1073,2025-04-27 12:47:52,15.42,75.21,BuildingA_Floor2,TypeC
1040,2025-04-27 21:21:49,27.53,49.64,BuildingB_Floor2,TypeC
1057,2025-04-28 02:02:30,29.13,39.45,BuildingA_Floor1,TypeB
1043,2025-04-29 21:51:00,16.35,42.56,BuildingB_Floor1,TypeA
1008,2025-04-25 12:35:48,19.01,55.37,BuildingB_Floor1,TypeB
1022,2025-04-26 09:48:32,23.41,73.37,BuildingA_Floor1,TypeB
1000,2025-04-29 07:09:54,21.74,77.86,BuildingA_Floor1,TypeA
1008,2025-04-28 08:47:22,34.03,73.47,BuildingA_Floor2,TypeC
1018,2025-04-27 00:41:53,27.76,36.49,BuildingB_Floor1,TypeA
1079,2025-04-27 21:23:52,23.15,77.37,BuildingA_Floor2,TypeB
1068,2025-04-25 21:42:26,30.05,68.22,BuildingA_Floor2,TypeA
1019,2025-04-28 15:49:53,29.58,41.33,BuildingA_Floor2,TypeC
1010,2025-04-27 13:50:54,32.17,51.74,BuildingB_Floor1,TypeC
1031,2025-04-25 20:08:48,33.64,68.9,BuildingB_Floor1,TypeA
1095,2025-04-26 13:17:24,20.99,56.51,BuildingA_Floor1,TypeB
1019,2025-04-24 23:43:44,28.69,30.01,BuildingA_Floor2,TypeC
1002,2025-04-25 07:57:38,27.57,35.62,BuildingB_Floor2,TypeC
1028,2025-04-26 08:40:58,33.57,56.98,BuildingA_Floor2,TypeB
1067,2025-04-28 02:49:32,25.45,49.39,BuildingA_Floor2,TypeB
1039,2025-04-26 05:32:17,33.66,56.58,BuildingA_Floor1,TypeC
1019,2025-04-26 08:57:16,31.28,50.72,BuildingB_Floor1,TypeA
1060,2025-04-25 14:26:26,24.34,31.63,BuildingB_Floor1,TypeC
1075,2025-04-28 04:22:26,20.79,41.29,BuildingB_Floor2,TypeA
1093,2025-04-25 04:02:34,23.79,64.71,BuildingA_Floor1,TypeA
1033,2025-04-25 11:45:51,16.49,61.33,BuildingB_Floor1,TypeA
1029,2025-04-27 18:34:30,22.69,74.85,BuildingA_Floor1,TypeA
1097,2025-04-27 07:10:31,27.53,39.71,BuildingA_Floor1,TypeA
1083,2025-04-25 10:53:02,16.4,39.18,BuildingA_Floor2,TypeC
1072,2025-04-27 20:39:27,27.56,65.62,BuildingB_Floor2,TypeC
1037,2025-04-27 05:54:17,25.76,64.07,BuildingA_Floor2,TypeA
1020,2025-04-27 06:53:55,16.55,72.06,BuildingB_Floor2,TypeA
1094,2025-04-26 02:50:57,16.06,45.7,BuildingB_Floor2,TypeA
1082,2025-04-29 17:44:47,16.73,50.07,BuildingB_Floor2,TypeC
1093,2025-04-25 16:51:04,31.79,73.13,BuildingB_Floor1,TypeA
1030,2025-04-28 16:25:22,23.85,76.63,BuildingA_Floor2,TypeA
1081,2025-04-29 17:03:29,20.09,70.73,BuildingA_Floor2,TypeC
1061,2025-04-27 18:29:12,29.18,74.43,BuildingB_Floor1,TypeA
1059,2025-04-26 20:14:48,18.25,50.08,BuildingA_Floor1,TypeB
1027,2025-04-25 11:34:07,32.1,74.56,BuildingB_Floor1,TypeA
1056,2025-04-25 22:05:30,20.12,57.16,BuildingB_Floor1,TypeC
1059,2025-04-25 19:02:59,22.78,40.78,BuildingA_Floor2,TypeB
1034,2025-04-26 00:44:10,32.98,71.82,BuildingB_Floor1,TypeC
1037,2025-04-26 06:39:26,20.9,64.71,BuildingB_Floor1,TypeB
1073,2025-04-27 20:34:41,34.2,39.25,BuildingA_Floor1,TypeA
1075,2025-04-29 21:23:41,22.48,58.16,BuildingB_Floor2,TypeA
1066,2025-04-25 19:59:24,19.48,42.03,BuildingA_Floor2,TypeA
1035,2025-04-27 09:53:12,31.16,43.88,BuildingA_Floor2,TypeB
1072,2025-04-28 12:56:03,28.21,47.15,BuildingA_Floor2,TypeB
1054,2025-04-28 04:39:04,21.99,79.44,BuildingA_Floor2,TypeC
1074,2025-04-29 09:58:56,16.95,56.94,BuildingA_Floor2,TypeA
1035,2025-04-27 13:33:15,18.43,70.09,BuildingB_Floor2,TypeC
1068,2025-04-27 05:40:35,25.7,68.43,BuildingA_Floor2,TypeB
1039,2025-04-26 18:52:15,18.1,40.57,BuildingA_Floor2,TypeA
1041,2025-04-29 06:12:19,17.72,36.89,BuildingA_Floor2,TypeC
1009,2025-04-26 02:39:31,30.08,62.79,BuildingB_Floor1,TypeC
1087,2025-04-26 14:01:11,19.09,59.97,BuildingA_Floor1,TypeA
1100,2025-04-26 03:47:31,17.56,51.42,BuildingA_Floor2,TypeA
1051,2025-04-28 22:23:44,18.14,48.06,BuildingB_Floor1,TypeB
1042,2025-04-27 17:29:20,25.06,49.86,BuildingB_Floor1,TypeC
1013,2025-04-29 10:23:48,32.49,50.52,BuildingB_Floor2,TypeA
1062,2025-04-26 23:46:58,15.25,71.31,BuildingB_Floor1,TypeB
1011,2025-04-29 19:10:46,26.47,43.1,BuildingB_Floor1,TypeC
1036,2025-04-25 10:52:24,26.02,53.61,BuildingA_Floor2,TypeB
1002,2025-04-26 05:49:43,21.53,62.67,BuildingB_Floor1,TypeA
1069,2025-04-25 15:07:36,27.38,73.77,BuildingB_Floor1,TypeB
1061,2025-04-27 06:10:44,15.62,39.99,BuildingA_Floor1,TypeB
1050,2025-04-29 14:30:12,21.98,74.55,BuildingA_Floor1,TypeB
1092,2025-04-27 04:33:32,24.02,60.96,BuildingB_Floor2,TypeC
1082,2025-04-25 08:34:49,18.38,47.13,BuildingB_Floor1,TypeA
1081,2025-04-29 14:00:06,22.8,63.36,BuildingB_Floor2,TypeC
1013,2025-04-25 17:33:16,32.06,62.55,BuildingA_Floor1,TypeA
1020,2025-04-27 08:09:48,29.34,52.87,BuildingB_Floor1,TypeB
1039,2025-04-29 05:06:52,18.84,49.15,BuildingB_Floor2,TypeC
1048,2025-04-29 05:38:54,19.33,59.8,BuildingA_Floor1,TypeA
1080,2025-04-29 15:24:18,31.38,69.85,BuildingA_Floor2,TypeC
1098,2025-04-26 02:40:31,25.7,74.31,BuildingB_Floor2,TypeC
1021,2025-04-25 21:41:18,29.57,54.26,BuildingA_Floor2,TypeA
1037,2025-04-26 08:31:06,15.73,59.42,BuildingB_Floor1,TypeB
1030,2025-04-26 02:21:07,19.13,51.23,BuildingA_Floor2,TypeC
1045,2025-04-27 09:13:54,21.49,34.74,BuildingA_Floor2,TypeA
1055,2025-04-29 06:46:31,33.54,57.81,BuildingA_Floor2,TypeB
1059,2025-04-26 12:06:34,21.68,56.52,BuildingB_Floor2,TypeB
1039,2025-04-25 06:31:15,32.56,33.83,BuildingB_Floor1,TypeC
1019,2025-04-25 15:49:45,21.67,52.62,BuildingB_Floor2,TypeA
1009,2025-04-28 06:20:10,31.97,60.49,BuildingB_Floor1,TypeA
1093,2025-04-28 11:33:02,16.49,31.84,BuildingA_Floor2,TypeA
1056,2025-04-27 21:53:11,24.54,66.12,BuildingA_Floor1,TypeA
1002,2025-04-28 02:03:14,25.63,74.89,BuildingB_Floor2,TypeA
1017,2025-04-29 21:33:40,15.21,63.56,BuildingB_Floor2,TypeB
1082,2025-04-28 07:04:01,28.65,49.53,BuildingB_Floor1,TypeB
1073,2025-04-28 23:28:53,22.91,78.03,BuildingA_Floor1,TypeA
1026,2025-04-28 04:12:50,17.14,66.67,BuildingA_Floor1,TypeA
1030,2025-04-27 18:54:47,30.3,41.72,BuildingB_Floor2,TypeA
1013,2025-04-28 01:31:59,16.97,73.92,BuildingA_Floor2,TypeB
1040,2025-04-26 20:17:17,16.22,67.82,BuildingB_Floor2,TypeC
1098,2025-04-28 20:24:45,21.44,52.27,BuildingB_Floor1,TypeA
1063,2025-04-28 00:50:55,20.11,79.9,BuildingB_Floor1,TypeC
1023,2025-04-25 21:31:22,25.27,70.18,BuildingA_Floor1,TypeB
1066,2025-04-27 12:40:44,23.89,36.35,BuildingB_Floor1,TypeB
1049,2025-04-26 23:41:20,25.38,71.53,BuildingB_Floor2,TypeB
1005,2025-04-27 17:59:37,24.36,56.82,BuildingA_Floor1,TypeA
1046,2025-04-25 03:50:26,34.38,75.05,BuildingA_Floor1,TypeB
1019,2025-04-27 18:51:05,19.29,70.73,BuildingA_Floor2,TypeA
1004,2025-04-28 03:18:00,24.05,57.44,BuildingA_Floor2,TypeB
1011,2025-04-27 11:26:05,16.01,42.88,BuildingB_Floor1,TypeA
1094,2025-04-29 16:20:00,17.51,47.92,BuildingA_Floor1,TypeC
1084,2025-04-25 02:26:29,28.37,72.3,BuildingA_Floor2,TypeB
1073,2025-04-26 20:41:11,19.31,66.55,BuildingA_Floor2,TypeA
1053,2025-04-29 04:07:09,34.23,38.77,BuildingB_Floor2,TypeC
1034,2025-04-28 20:01:52,18.97,42.05,BuildingA_Floor1,TypeB
1078,2025-04-27 15:36:19,28.26,37.02,BuildingB_Floor2,TypeC
1054,2025-04-28 11:16:40,20.95,63.95,BuildingA_Floor1,TypeB
1007,2025-04-29 14:35:46,19.0,46.61,BuildingB_Floor1,TypeC
1030,2025-04-27 21:25:22,29.65,34.43,BuildingB_Floor1,TypeC
1002,2025-04-26 00:52:15,26.3,50.2,BuildingA_Floor1,TypeB
1023,2025-04-27 21:54:42,28.91,36.2,BuildingA_Floor2,TypeC
1002,2025-04-28 13:10:44,19.63,41.49,BuildingA_Floor2,TypeA
1060,2025-04-25 14:17:04,31.02,30.75,BuildingB_Floor1,TypeA
1061,2025-04-26 23:49:31,27.27,71.07,BuildingA_Floor1,TypeC
1089,2025-04-29 00:34:55,31.54,74.99,BuildingB_Floor2,TypeB
1091,2025-04-29 08:28:05,33.15,30.15,BuildingA_Floor1,TypeC
1063,2025-04-26 05:45:37,26.32,76.57,BuildingB_Floor1,TypeC
1014,2025-04-27 22:21:34,18.12,37.33,BuildingA_Floor2,TypeB
1005,2025-04-27 13:58:58,31.91,61.48,BuildingA_Floor2,TypeA
1067,2025-04-27 13:17:38,20.82,51.26,BuildingA_Floor2,TypeC
1022,2025-04-28 10:34:18,27.57,56.36,BuildingB_Floor1,TypeB
1078,2025-04-27 07:52:33,25.41,65.69,BuildingA_Floor2,TypeC
1004,2025-04-26 20:44:37,27.93,76.09,BuildingB_Floor1,TypeC
1097,2025-04-25 18:09:27,24.85,53.17,BuildingB_Floor2,TypeC
1100,2025-04-29 06:20:05,22.71,78.58,BuildingA_Floor1,TypeC
1016,2025-04-27 16:18:23,30.97,57.23,BuildingB_Floor1,TypeA
1032,2025-04-28 01:25:32,27.73,41.15,BuildingA_Floor2,TypeB
1011,2025-04-25 05:16:37,26.41,59.1,BuildingA_Floor1,TypeC
1059,2025-04-27 07:47:06,32.89,44.47,BuildingA_Floor1,TypeB
1069,2025-04-28 05:58:21,28.97,33.8,BuildingA_Floor2,TypeB
1047,2025-04-28 04:32:10,26.62,55.08,BuildingB_Floor2,TypeC
1089,2025-04-25 08:11:48,22.29,55.11,BuildingB_Floor1,TypeC
1027,2025-04-26 03:58:11,34.57,58.98,BuildingA_Floor1,TypeC
1061,2025-04-25 02:05:45,18.4,45.14,BuildingB_Floor1,TypeA
1028,2025-04-27 02:47:03,29.05,60.41,BuildingB_Floor1,TypeA
1076,2025-04-29 01:11:26,16.53,65.78,BuildingA_Floor1,TypeB
1049,2025-04-27 20:18:43,27.29,53.91,BuildingB_Floor1,TypeC
1014,2025-04-27 23:48:41,21.71,51.23,BuildingB_Floor2,TypeC
1019,2025-04-27 15:59:55,26.88,63.9,BuildingA_Floor1,TypeC
1065,2025-04-28 20:59:52,19.22,62.46,BuildingA_Floor1,TypeB
1030,2025-04-29 18:25:00,28.49,46.82,BuildingA_Floor1,TypeC
1021,2025-04-28 12:33:30,31.38,52.38,BuildingB_Floor2,TypeB
1077,2025-04-25 09:43:59,15.65,63.74,BuildingB_Floor1,TypeC
1045,2025-04-26 15:06:34,18.92,75.73,BuildingA_Floor2,TypeA
1030,2025-04-25 15:53:05,27.82,30.82,BuildingA_Floor1,TypeC
1008,2025-04-28 17:48:24,32.94,53.21,BuildingA_Floor2,TypeC
1050,2025-04-27 01:10:21,25.93,68.04,BuildingA_Floor1,TypeC
1065,2025-04-25 01:02:09,24.58,53.78,BuildingB_Floor1,TypeA
1038,2025-04-25 04:32:12,30.74,32.53,BuildingB_Floor2,TypeC
1026,2025-04-28 01:45:14,19.42,32.76,BuildingA_Floor1,TypeC
1093,2025-04-28 04:38:27,26.11,70.9,BuildingA_Floor2,TypeA
1008,2025-04-27 19:50:18,28.53,37.24,BuildingB_Floor2,TypeC
1014,2025-04-25 00:18:18,34.12,77.86,BuildingB_Floor2,TypeC
1018,2025-04-25 17:58:56,24.09,53.49,BuildingB_Floor1,TypeC
1047,2025-04-27 08:55:39,34.5,73.26,BuildingA_Floor2,TypeB
1011,2025-04-27 09:53:54,34.68,34.93,BuildingB_Floor2,TypeA
1042,2025-04-26 01:49:26,24.04,37.5,BuildingB_Floor1,TypeC
1008,2025-04-25 08:11:20,16.8,36.55,BuildingA_Floor2,TypeC
1018,2025-04-28 00:34:27,28.22,76.04,BuildingB_Floor2,TypeC
1081,2025-04-26 19:20:59,28.83,66.27,BuildingB_Floor2,TypeB
1066,2025-04-27 02:24:23,32.44,57.67,BuildingB_Floor1,TypeC
1072,2025-04-27 02:39:26,27.01,48.3,BuildingA_Floor1,TypeA
1041,2025-04-29 18:45:49,25.31,58.07,BuildingA_Floor1,TypeB
1045,2025-04-27 21:50:20,17.36,78.44,BuildingA_Floor1,TypeA
1002,2025-04-26 00:22:04,28.68,76.64,BuildingA_Floor1,TypeA
1039,2025-04-27 21:11:15,16.22,77.14,BuildingB_Floor2,TypeB
1067,2025-04-26 09:33:41,25.69,65.59,BuildingB_Floor2,TypeB
1044,2025-04-28 11:48:48,30.1,57.9,BuildingB_Floor1,TypeC
1091,2025-04-28 03:21:32,19.32,37.0,BuildingA_Floor2,TypeC
1011,2025-04-28 00:49:32,30.64,59.14,BuildingB_Floor2,TypeB
1057,2025-04-29 01:15:05,29.75,42.08,BuildingA_Floor2,TypeA
1032,2025-04-27 17:29:08,33.04,60.45,BuildingB_Floor1,TypeB
1032,2025-04-29 08:50:30,15.47,52.88,BuildingB_Floor1,TypeC
1024,2025-04-24 23:28:45,26.86,58.93,BuildingA_Floor1,TypeB
1090,2025-04-25 11:04:45,26.91,61.45,BuildingB_Floor2,TypeC
1061,2025-04-27 20:26:09,21.0,33.37,BuildingA_Floor1,TypeB
1049,2025-04-28 07:58:56,29.62,41.87,BuildingA_Floor1,TypeC
1100,2025-04-26 20:13:39,29.29,69.96,BuildingB_Floor1,TypeB
1005,2025-04-28 06:42:21,24.17,43.24,BuildingB_Floor1,TypeC
1086,2025-04-28 23:30:00,27.56,77.36,BuildingB_Floor2,TypeA
1043,2025-04-29 18:28:13,34.6,70.8,BuildingB_Floor2,TypeC
1004,2025-04-25 05:47:44,28.33,40.49,BuildingA_Floor1,TypeA
1020,2025-04-25 13:37:19,24.16,54.09,BuildingB_Floor1,TypeA
1028,2025-04-28 05:48:50,22.76,46.91,BuildingB_Floor1,TypeA
1080,2025-04-28 15:28:17,22.61,38.25,BuildingA_Floor2,TypeB
1043,2025-04-27 12:28:51,20.13,75.19,BuildingB_Floor1,TypeB
1011,2025-04-28 17:00:47,21.92,76.69,BuildingA_Floor2,TypeA
1060,2025-04-29 19:48:54,31.99,38.41,BuildingB_Floor1,TypeA
1023,2025-04-28 20:37:10,32.1,42.95,BuildingB_Floor1,TypeC
1094,2025-04-29 19:02:30,20.66,67.17,BuildingA_Floor2,TypeA
1048,2025-04-27 10:24:14,29.36,46.61,BuildingB_Floor2,TypeA
1024,2025-04-28 17:23:55,23.34,48.32,BuildingA_Floor2,TypeC
1058,2025-04-25 01:52:25,27.77,70.05,BuildingA_Floor1,TypeC
1021,2025-04-27 02:36:50,21.56,41.32,BuildingA_Floor2,TypeB
1089,2025-04-29 04:01:11,29.33,55.76,BuildingB_Floor1,TypeA
1072,2025-04-28 03:23:59,19.56,62.02,BuildingA_Floor1,TypeC
1021,2025-04-25 02:59:13,31.59,62.69,BuildingA_Floor2,TypeB
1074,2025-04-29 13:09:57,16.34,31.0,BuildingB_Floor1,TypeB
1060,2025-04-25 17:53:03,17.48,77.7,BuildingA_Floor2,TypeA
1060,2025-04-25 18:34:15,15.37,70.43,BuildingA_Floor2,TypeA
1081,2025-04-27 02:52:14,26.22,63.83,BuildingA_Floor1,TypeA
1006,2025-04-25 15:59:52,34.82,77.51,BuildingA_Floor1,TypeB
1099,2025-04-27 08:37:57,26.34,63.5,BuildingB_Floor1,TypeB
1080,2025-04-28 08:42:34,24.38,39.41,BuildingB_Floor2,TypeB
1061,2025-04-29 10:19:10,17.65,42.13,BuildingB_Floor2,TypeC
1074,2025-04-25 02:46:49,29.45,58.19,BuildingA_Floor1,TypeA
1035,2025-04-26 04:50:11,16.68,79.64,BuildingB_Floor1,TypeC
1048,2025-04-27 16:27:24,24.96,61.46,BuildingB_Floor2,TypeA
1055,2025-04-26 23:11:34,25.56,52.57,BuildingB_Floor1,TypeC
1068,2025-04-26 17:47:14,32.79,56.96,BuildingA_Floor1,TypeB
1005,2025-04-25 04:27:30,17.18,69.17,BuildingB_Floor1,TypeC
1092,2025-04-25 20:41:53,22.53,77.91,BuildingB_Floor1,TypeB
1095,2025-04-27 17:38:41,29.57,54.3,BuildingA_Floor1,TypeA
1090,2025-04-27 23:52:03,33.48,77.64,BuildingB_Floor2,TypeB
1074,2025-04-27 10:56:50,27.15,44.04,BuildingA_Floor1,TypeC
1025,2025-04-26 06:06:22,26.81,60.4,BuildingB_Floor1,TypeB
1010,2025-04-28 05:35:28,31.75,76.23,BuildingB_Floor2,TypeC
1051,2025-04-27 13:31:33,15.28,34.5,BuildingA_Floor1,TypeB
1021,2025-04-27 19:52:02,21.32,33.17,BuildingA_Floor1,TypeC
1044,2025-04-25 20:09:59,28.25,54.39,BuildingB_Floor2,TypeC
1054,2025-04-26 16:32:00,26.47,36.93,BuildingA_Floor1,TypeB
1098,2025-04-29 21:17:14,28.83,31.9,BuildingA_Floor2,TypeB
1096,2025-04-24 23:07:20,34.0,60.0,BuildingA_Floor1,TypeA
1028,2025-04-28 22:19:39,29.73,72.26,BuildingA_Floor2,TypeB
1078,2025-04-25 06:37:44,28.45,50.54,BuildingB_Floor2,TypeB
1086,2025-04-29 15:26:56,28.8,69.71,BuildingB_Floor2,TypeC
1087,2025-04-27 04:43:55,24.47,39.74,BuildingA_Floor1,TypeA
1099,2025-04-28 22:02:40,18.82,58.64,BuildingB_Floor1,TypeB
1070,2025-04-27 06:31:58,26.62,58.25,BuildingB_Floor1,TypeC
1044,2025-04-29 10:44:59,23.15,75.4,BuildingB_Floor1,TypeA
1054,2025-04-26 13:22:39,28.05,68.81,BuildingA_Floor2,TypeC
1087,2025-04-29 16:03:58,31.08,66.64,BuildingA_Floor1,TypeC
1067,2025-04-27 20:24:45,17.25,53.06,BuildingA_Floor2,TypeB
1004,2025-04-26 13:57:33,28.45,33.03,BuildingB_Floor1,TypeB
1077,2025-04-25 19:10:41,15.19,52.94,BuildingB_Floor1,TypeA
1029,2025-04-25 01:28:08,28.08,44.09,BuildingA_Floor1,TypeB
1049,2025-04-26 16:10:38,28.56,36.52,BuildingB_Floor1,TypeB
1065,2025-04-28 18:40:17,18.92,48.49,BuildingB_Floor1,TypeA
1005,2025-04-28 15:04:31,16.99,37.32,BuildingB_Floor2,TypeC
1037,2025-04-29 21:13:33,29.78,77.27,BuildingB_Floor2,TypeB
1042,2025-04-29 08:41:52,25.3,47.04,BuildingA_Floor2,TypeA
1032,2025-04-29 02:47:31,29.98,55.52,BuildingB_Floor1,TypeA
1065,2025-04-26 05:03:33,18.69,74.82,BuildingA_Floor2,TypeC
1013,2025-04-26 20:34:30,15.0,45.52,BuildingA_Floor2,TypeA
1027,2025-04-25 01:21:58,22.1,42.34,BuildingA_Floor2,TypeA
1025,2025-04-27 17:14:53,17.76,55.5,BuildingA_Floor1,TypeB
1051,2025-04-26 03:27:35,26.6,71.24,BuildingA_Floor2,TypeC
1003,2025-04-29 01:53:37,18.32,79.55,BuildingA_Floor2,TypeC
1094,2025-04-25 11:44:18,29.84,78.52,BuildingA_Floor2,TypeA
1034,2025-04-28 07:44:38,16.58,48.9,BuildingB_Floor2,TypeA
1030,2025-04-27 23:05:07,26.33,39.17,BuildingA_Floor1,TypeB
1036,2025-04-28 01:45:07,19.48,41.29,BuildingA_Floor2,TypeB
1049,2025-04-29 05:46:34,17.86,73.18,BuildingA_Floor2,TypeB
1007,2025-04-25 12:46:23,29.25,65.85,BuildingB_Floor1,TypeB
1100,2025-04-29 14:49:36,24.23,62.8,BuildingB_Floor2,TypeC
1010,2025-04-27 05:29:47,26.55,55.73,BuildingB_Floor1,TypeC
1045,2025-04-27 22:06:50,25.19,58.01,BuildingB_Floor2,TypeA
1015,2025-04-29 14:46:55,16.97,51.79,BuildingA_Floor2,TypeC
1038,2025-04-29 07:34:55,30.57,31.69,BuildingA_Floor1,TypeB
1080,2025-04-28 09:29:07,32.13,42.9,BuildingB_Floor2,TypeC
1081,2025-04-26 02:22:42,23.64,65.09,BuildingA_Floor1,TypeB
1061,2025-04-27 23:58:40,22.09,76.95,BuildingA_Floor2,TypeC
1056,2025-04-29 11:48:22,15.04,56.46,BuildingA_Floor1,TypeB
1075,2025-04-25 18:40:50,21.71,33.98,BuildingA_Floor1,TypeC
1058,2025-04-26 08:01:30,28.2,76.59,BuildingB_Floor2,TypeA
1044,2025-04-28 20:32:23,29.48,32.05,BuildingA_Floor1,TypeA
1056,2025-04-26 00:21:39,18.77,77.83,BuildingA_Floor2,TypeC
1065,2025-04-25 22:05:06,29.34,79.98,BuildingB_Floor1,TypeB
1094,2025-04-27 01:41:34,17.8,44.63,BuildingA_Floor2,TypeB
1073,2025-04-26 05:50:41,31.3,69.41,BuildingB_Floor2,TypeB
1082,2025-04-25 05:39:10,24.98,49.46,BuildingB_Floor2,TypeC
1075,2025-04-25 12:06:33,18.41,38.58,BuildingB_Floor1,TypeA
1031,2025-04-29 00:45:46,27.86,66.5,BuildingA_Floor2,TypeB
1083,2025-04-25 05:10:30,20.44,63.68,BuildingB_Floor2,TypeC
1033,2025-04-28 08:55:55,25.85,35.03,BuildingA_Floor2,TypeB
1099,2025-04-25 20:47:34,17.38,46.07,BuildingA_Floor1,TypeA
1087,2025-04-29 16:37:55,33.81,56.18,BuildingB_Floor1,TypeC
1024,2025-04-28 05:47:32,28.67,34.21,BuildingB_Floor1,TypeB
1013,2025-04-25 05:19:23,20.68,62.59,BuildingA_Floor2,TypeA
1040,2025-04-28 13:33:47,30.72,37.53,BuildingA_Floor1,TypeB
1064,2025-04-25 06:53:53,33.49,57.77,BuildingB_Floor2,TypeB
1013,2025-04-28 18:12:17,15.09,72.0,BuildingB_Floor2,TypeA
1046,2025-04-29 02:46:31,31.42,56.19,BuildingB_Floor2,TypeB
1031,2025-04-28 07:38:31,30.61,57.95,BuildingA_Floor1,TypeB
1036,2025-04-25 02:33:54,17.97,39.89,BuildingA_Floor2,TypeC
1025,2025-04-25 21:52:30,28.15,72.48,BuildingB_Floor2,TypeB
1005,2025-04-25 23:34:12,21.25,30.14,BuildingA_Floor2,TypeC
1097,2025-04-28 06:43:00,25.52,34.59,BuildingB_Floor1,TypeA
1043,2025-04-25 12:20:31,27.1,36.48,BuildingB_Floor1,TypeA
1053,2025-04-26 19:43:45,33.64,31.35,BuildingA_Floor1,TypeA
1079,2025-04-26 10:19:58,33.79,36.86,BuildingB_Floor2,TypeB
1081,2025-04-27 15:20:55,16.07,65.03,BuildingA_Floor1,TypeA
1051,2025-04-26 14:05:30,16.7,54.61,BuildingB_Floor2,TypeC
1067,2025-04-27 13:50:20,34.9,62.05,BuildingA_Floor2,TypeA
1093,2025-04-29 09:20:32,24.3,45.25,BuildingB_Floor2,TypeC
1075,2025-04-28 09:34:06,27.81,40.14,BuildingA_Floor1,TypeC
1020,2025-04-26 00:39:04,31.15,47.83,BuildingA_Floor1,TypeA
1079,2025-04-29 16:59:19,21.68,79.13,BuildingA_Floor2,TypeA
1021,2025-04-28 06:34:35,25.76,39.65,BuildingA_Floor1,TypeB
1059,2025-04-26 10:13:11,15.8,77.32,BuildingA_Floor1,TypeA
1075,2025-04-28 15:57:49,22.37,62.21,BuildingA_Floor2,TypeA
1023,2025-04-28 21:04:28,28.29,62.36,BuildingB_Floor1,TypeC
1038,2025-04-25 14:41:02,29.05,53.89,BuildingA_Floor2,TypeB
1062,2025-04-29 09:31:01,32.63,51.2,BuildingB_Floor2,TypeC
1077,2025-04-28 05:36:02,34.02,46.37,BuildingA_Floor1,TypeB
1021,2025-04-26 22:42:42,33.12,52.4,BuildingA_Floor1,TypeC
1020,2025-04-29 17:46:27,22.72,31.26,BuildingA_Floor2,TypeC
1094,2025-04-29 20:24:46,15.03,46.44,BuildingB_Floor1,TypeB
1069,2025-04-26 14:52:38,27.57,53.71,BuildingB_Floor1,TypeA
1014,2025-04-28 23:39:12,25.02,42.54,BuildingB_Floor1,TypeA
1004,2025-04-25 01:24:28,23.92,58.74,BuildingA_Floor1,TypeC
1053,2025-04-27 08:03:58,16.59,73.86,BuildingA_Floor2,TypeA
1059,2025-04-25 15:50:17,16.68,39.34,BuildingA_Floor2,TypeA
1068,2025-04-25 12:20:30,26.88,69.77,BuildingA_Floor2,TypeB
1001,2025-04-27 16:05:10,25.23,60.83,BuildingB_Floor2,TypeC
1080,2025-04-26 01:37:48,27.48,65.34,BuildingA_Floor1,TypeB
1037,2025-04-28 03:24:53,33.36,37.81,BuildingA_Floor2,TypeB
1035,2025-04-28 06:44:19,17.15,41.32,BuildingA_Floor2,TypeB
1001,2025-04-29 05:50:13,29.97,38.06,BuildingA_Floor1,TypeB
1091,2025-04-26 02:58:06,27.26,40.34,BuildingB_Floor2,TypeA
1067,2025-04-26 16:04:39,32.47,43.06,BuildingA_Floor1,TypeA
1016,2025-04-25 04:49:16,21.88,40.79,BuildingA_Floor1,TypeA
1007,2025-04-26 16:19:42,33.15,79.99,BuildingA_Floor2,TypeC
1053,2025-04-27 19:31:38,24.76,36.9,BuildingB_Floor2,TypeA
1026,2025-04-29 22:03:32,25.2,51.06,BuildingB_Floor2,TypeC
1067,2025-04-28 07:56:17,19.44,74.43,BuildingA_Floor2,TypeB
1094,2025-04-28 12:07:06,26.11,57.01,BuildingA_Floor2,TypeC
1033,2025-04-26 01:22:31,26.54,75.58,BuildingB_Floor1,TypeA
1092,2025-04-29 12:41:20,31.21,63.77,BuildingB_Floor2,TypeA
1028,2025-04-25 12:49:50,16.97,38.54,BuildingB_Floor1,TypeC
1080,2025-04-28 18:33:44,31.26,55.47,BuildingB_Floor1,TypeB
1020,2025-04-27 11:51:30,25.1,57.4,BuildingB_Floor2,TypeC
1079,2025-04-27 18:13:55,34.35,58.69,BuildingA_Floor2,TypeA
1051,2025-04-29 00:29:03,29.69,34.85,BuildingA_Floor2,TypeC
1032,2025-04-29 13:41:22,27.23,46.27,BuildingA_Floor1,TypeB
1040,2025-04-27 21:55:41,31.83,34.53,BuildingB_Floor2,TypeB
1077,2025-04-28 02:09:13,15.27,39.52,BuildingA_Floor1,TypeA
1023,2025-04-25 21:44:22,17.05,32.14,BuildingA_Floor2,TypeC
1095,2025-04-28 18:51:12,25.02,37.69,BuildingA_Floor2,TypeB
1029,2025-04-27 23:56:02,23.82,42.08,BuildingA_Floor2,TypeA
1001,2025-04-28 11:48:37,22.16,78.37,BuildingA_Floor2,TypeC
1039,2025-04-25 20:40:57,34.81,50.99,BuildingB_Floor2,TypeA
1023,2025-04-28 17:43:39,33.38,35.65,BuildingA_Floor2,TypeB
1006,2025-04-25 09:51:02,33.69,55.67,BuildingA_Floor2,TypeC
1013,2025-04-28 05:15:10,22.48,56.06,BuildingB_Floor2,TypeB
1061,2025-04-29 18:58:57,31.68,34.5,BuildingB_Floor2,TypeC
1037,2025-04-26 18:12:02,25.64,34.7,BuildingB_Floor1,TypeA
1039,2025-04-29 15:27:16,15.57,66.55,BuildingA_Floor2,TypeC
1016,2025-04-25 20:20:54,21.89,78.69,BuildingA_Floor2,TypeB
1071,2025-04-29 00:14:24,34.25,62.82,BuildingB_Floor2,TypeB
1036,2025-04-27 17:23:34,24.45,55.98,BuildingB_Floor2,TypeA
1078,2025-04-26 20:39:11,27.59,69.72,BuildingA_Floor2,TypeA
1081,2025-04-28 18:11:58,24.3,49.9,BuildingB_Floor1,TypeC
1059,2025-04-29 21:53:30,32.18,46.86,BuildingB_Floor1,TypeA
1032,2025-04-29 20:30:53,26.36,55.94,BuildingB_Floor2,TypeC
1032,2025-04-28 22:48:26,34.15,79.43,BuildingA_Floor1,TypeC
1059,2025-04-26 10:05:10,33.91,67.55,BuildingB_Floor2,TypeB
1044,2025-04-26 13:52:06,30.55,79.46,BuildingB_Floor2,TypeB
1024,2025-04-27 11:26:18,27.3,70.62,BuildingA_Floor2,TypeC
1038,2025-04-27 20:58:55,31.55,46.94,BuildingB_Floor2,TypeB
1009,2025-04-26 08:06:31,23.06,51.85,BuildingA_Floor2,TypeB
1044,2025-04-25 20:21:58,22.44,56.12,BuildingA_Floor1,TypeC
1028,2025-04-27 07:45:19,25.86,51.31,BuildingB_Floor1,TypeC
1048,2025-04-29 18:53:47,21.38,51.3,BuildingA_Floor2,TypeA
1048,2025-04-26 18:19:30,22.04,53.82,BuildingB_Floor1,TypeB
1079,2025-04-25 07:16:03,32.76,72.1,BuildingB_Floor1,TypeC
1024,2025-04-25 13:02:26,21.62,47.6,BuildingA_Floor2,TypeC
1017,2025-04-28 20:58:27,24.37,55.18,BuildingB_Floor2,TypeC
1082,2025-04-25 20:32:52,16.86,33.84,BuildingA_Floor2,TypeB
1037,2025-04-25 05:55:08,33.33,30.31,BuildingA_Floor1,TypeC
1067,2025-04-27 01:33:58,18.83,36.2,BuildingB_Floor2,TypeB
1098,2025-04-27 02:25:29,25.27,41.47,BuildingA_Floor1,TypeB
1045,2025-04-29 10:40:02,23.45,69.6,BuildingA_Floor1,TypeA
1020,2025-04-29 04:12:17,16.62,33.2,BuildingB_Floor1,TypeA
1004,2025-04-25 00:53:31,30.78,33.92,BuildingB_Floor1,TypeB
1009,2025-04-27 15:47:45,17.93,49.21,BuildingB_Floor2,TypeC
1052,2025-04-28 03:41:34,25.42,33.78,BuildingB_Floor1,TypeC
1043,2025-04-27 14:27:46,19.64,76.99,BuildingA_Floor1,TypeA
1079,2025-04-28 00:46:56,33.45,31.71,BuildingB_Floor2,TypeA
1049,2025-04-26 12:02:30,15.62,45.53,BuildingB_Floor1,TypeA
1086,2025-04-25 08:48:23,32.64,78.35,BuildingB_Floor1,TypeB
1056,2025-04-27 16:28:10,28.58,53.03,BuildingA_Floor2,TypeB
1008,2025-04-28 22:30:10,33.26,38.04,BuildingB_Floor2,TypeA
1040,2025-04-28 10:17:50,22.79,48.44,BuildingA_Floor2,TypeA
1026,2025-04-29 19:56:12,30.12,72.79,BuildingB_Floor2,TypeA
1093,2025-04-28 13:24:31,20.75,32.76,BuildingB_Floor1,TypeA
1078,2025-04-28 09:42:16,32.53,73.6,BuildingA_Floor2,TypeC
1072,2025-04-25 12:12:39,23.97,37.1,BuildingA_Floor1,TypeC
1097,2025-04-26 18:26:10,28.71,43.55,BuildingB_Floor1,TypeB
1096,2025-04-25 16:08:20,24.92,59.74,BuildingB_Floor1,TypeB
1047,2025-04-27 12:45:21,33.66,37.57,BuildingA_Floor1,TypeA
1026,2025-04-29 13:55:38,20.58,49.09,BuildingA_Floor1,TypeB
1039,2025-04-25 05:43:02,23.62,42.91,BuildingB_Floor1,TypeC
1044,2025-04-28 16:56:34,24.67,67.34,BuildingB_Floor2,TypeC
1007,2025-04-26 16:34:02,24.25,30.07,BuildingA_Floor2,TypeB
1059,2025-04-29 03:22:41,21.89,54.22,BuildingA_Floor1,TypeC
1065,2025-04-28 15:54:48,15.32,52.89,BuildingB_Floor1,TypeB
1020,2025-04-29 13:35:04,30.23,60.54,BuildingB_Floor2,TypeC
1034,2025-04-27 12:54:16,33.29,70.71,BuildingA_Floor2,TypeB
1011,2025-04-26 23:14:53,15.41,71.81,BuildingA_Floor1,TypeA
1018,2025-04-28 10:00:54,21.87,47.9,BuildingB_Floor2,TypeA
1040,2025-04-27 22:34:31,34.64,49.92,BuildingB_Floor2,TypeA
1072,2025-04-26 00:42:38,25.26,72.98,BuildingB_Floor1,TypeA
1022,2025-04-29 09:49:09,19.39,34.98,BuildingA_Floor1,TypeB
1032,2025-04-25 20:26:23,24.51,62.12,BuildingB_Floor1,TypeC
1070,2025-04-25 03:38:44,34.31,75.59,BuildingB_Floor1,TypeA
1079,2025-04-25 11:19:20,31.65,44.48,BuildingA_Floor1,TypeB
1050,2025-04-25 22:11:05,30.45,47.46,BuildingA_Floor1,TypeC
1002,2025-04-27 07:34:51,20.13,75.26,BuildingA_Floor1,TypeC
1040,2025-04-29 00:45:22,29.85,64.41,BuildingA_Floor2,TypeB
1066,2025-04-28 12:13:56,29.12,42.01,BuildingA_Floor2,TypeC
1045,2025-04-28 07:17:01,27.92,49.23,BuildingB_Floor2,TypeA
1003,2025-04-25 16:52:01,30.02,44.78,BuildingA_Floor1,TypeC
1098,2025-04-27 09:38:40,30.23,50.39,BuildingB_Floor1,TypeA
1026,2025-04-27 15:02:25,15.07,63.84,BuildingA_Floor2,TypeA
1026,2025-04-29 00:08:19,28.92,74.78,BuildingA_Floor1,TypeA
1066,2025-04-26 05:15:09,22.27,70.14,BuildingB_Floor2,TypeA
1097,2025-04-26 02:58:46,32.02,38.64,BuildingA_Floor1,TypeB
1004,2025-04-29 18:53:30,31.21,48.33,BuildingB_Floor1,TypeC
1023,2025-04-27 19:51:37,34.54,37.92,BuildingB_Floor2,TypeB
1073,2025-04-25 09:39:39,26.91,69.82,BuildingB_Floor2,TypeB
1036,2025-04-25 18:16:55,31.55,49.39,BuildingA_Floor1,TypeB
1065,2025-04-28 17:55:00,34.74,45.6,BuildingB_Floor2,TypeC
1020,2025-04-29 19:06:30,29.32,65.52,BuildingB_Floor1,TypeA
1013,2025-04-26 06:38:31,30.8,69.47,BuildingB_Floor1,TypeC
1051,2025-04-27 23:37:45,29.21,35.59,BuildingB_Floor1,TypeB
1075,2025-04-27 05:36:02,34.66,66.66,BuildingB_Floor2,TypeC
1093,2025-04-28 04:47:42,21.29,78.86,BuildingB_Floor1,TypeA
1053,2025-04-27 22:25:54,30.07,45.13,BuildingB_Floor1,TypeB
1013,2025-04-28 16:24:15,28.56,31.28,BuildingB_Floor1,TypeB
1098,2025-04-25 20:30:53,32.78,39.95,BuildingB_Floor2,TypeA
1049,2025-04-28 04:32:20,25.53,45.64,BuildingA_Floor2,TypeA
1030,2025-04-27 22:57:09,19.37,66.17,BuildingB_Floor1,TypeC
1054,2025-04-25 21:47:37,24.88,61.73,BuildingA_Floor2,TypeA
1060,2025-04-29 16:37:54,33.64,47.32,BuildingA_Floor1,TypeB
1090,2025-04-28 09:33:18,34.55,34.19,BuildingB_Floor1,TypeC
1087,2025-04-28 00:07:05,27.24,56.15,BuildingB_Floor1,TypeC
1085,2025-04-27 06:29:25,28.82,52.62,BuildingA_Floor1,TypeC
1028,2025-04-25 10:04:29,17.13,74.83,BuildingB_Floor1,TypeC
1009,2025-04-26 21:25:01,34.77,35.16,BuildingB_Floor2,TypeB
1057,2025-04-29 21:11:08,34.61,66.46,BuildingB_Floor1,TypeA
1096,2025-04-28 06:47:02,23.05,66.65,BuildingA_Floor1,TypeA
1067,2025-04-25 12:30:17,21.76,37.94,BuildingB_Floor1,TypeB
1051,2025-04-26 19:37:24,28.59,65.86,BuildingA_Floor2,TypeA
1073,2025-04-27 08:56:41,26.97,67.43,BuildingB_Floor2,TypeA
1091,2025-04-28 18:37:32,20.1,31.61,BuildingA_Floor1,TypeA
1066,2025-04-27 15:30:18,33.69,56.95,BuildingA_Floor1,TypeB
1033,2025-04-27 22:35:02,25.52,38.75,BuildingB_Floor1,TypeB
1095,2025-04-28 20:41:01,18.33,49.14,BuildingA_Floor1,TypeC
1097,2025-04-27 02:49:11,20.21,42.31,BuildingA_Floor1,TypeB
1038,2025-04-26 18:18:56,24.41,36.92,BuildingB_Floor2,TypeA
1041,2025-04-26 17:15:51,16.25,34.23,BuildingB_Floor2,TypeB
1095,2025-04-26 22:28:44,20.45,33.01,BuildingB_Floor2,TypeC
1060,2025-04-26 05:50:18,18.08,30.55,BuildingB_Floor1,TypeB
1009,2025-04-28 21:17:04,22.04,59.62,BuildingA_Floor1,TypeB
1078,2025-04-26 09:35:07,22.02,56.3,BuildingB_Floor1,TypeC
1055,2025-04-28 22:56:07,22.66,37.8,BuildingA_Floor2,TypeB
1025,2025-04-27 01:13:03,17.88,64.18,BuildingA_Floor2,TypeA
1044,2025-04-29 19:53:30,15.6,63.91,BuildingB_Floor1,TypeB
1025,2025-04-28 20:51:54,22.76,33.81,BuildingB_Floor2,TypeC
1100,2025-04-26 01:20:53,28.05,61.91,BuildingA_Floor2,TypeB
1097,2025-04-27 16:24:31,28.52,66.61,BuildingA_Floor1,TypeC
1092,2025-04-29 04:38:43,27.25,34.5,BuildingB_Floor1,TypeA
1027,2025-04-26 00:28:29,22.53,32.07,BuildingB_Floor2,TypeB
1059,2025-04-26 17:28:26,28.0,55.67,BuildingA_Floor2,TypeB
1040,2025-04-28 14:18:41,23.02,50.55,BuildingB_Floor1,TypeB
1097,2025-04-24 23:12:03,34.59,45.56,BuildingB_Floor1,TypeB
1077,2025-04-28 11:45:16,20.44,48.77,BuildingA_Floor2,TypeA
1002,2025-04-28 00:50:42,16.32,67.63,BuildingB_Floor1,TypeC
1089,2025-04-25 06:17:43,33.96,61.5,BuildingB_Floor1,TypeC
1006,2025-04-26 19:08:44,30.14,39.89,BuildingA_Floor1,TypeC
1076,2025-04-25 08:50:22,16.52,46.79,BuildingA_Floor1,TypeC
1073,2025-04-28 00:42:23,19.1,33.85,BuildingB_Floor1,TypeC
1020,2025-04-26 10:43:34,21.25,32.27,BuildingA_Floor2,TypeB
1096,2025-04-25 11:52:30,17.37,52.43,BuildingA_Floor1,TypeA
